step,u
8000,0.17376474902585154
8001,0.26782554253793717
8002,0.3534268721668026
8003,0.078399561160657
8004,0.19015199390996196
8005,0.3136053140196188
8006,0.40196446725173446
8007,0.003921192365751558
8008,0.1247800666511022
8009,0.16662021767521296
8010,0.12293761382103385
8011,0.4343032548509249
8012,0.30478864157264357
8013,0.1498783444908095
8014,0.43100438766655813
8015,0.26654702082899173
8016,0.41891608076100567
8017,0.16567623368692752
8018,0.15162104474156707
8019,0.43883285492652785
8020,0.35008625628762113
8021,0.28289541353135644
8022,0.014152327957939692
8023,0.04616981387236002
8024,0.08454132802752101
8025,0.3179692501591557
8026,0.10968885762030678
8027,0.32327261620198766
8028,0.4036940545321879
8029,0.15642330498206403
