step,y_true,y_pred
8000,0.2424989311425211,0.16327307804704105
8001,0.2327196683564207,0.2184112618265317
8002,0.2620416265566585,0.2888438332797705
8003,0.2760718461123931,0.3067545706680903
8004,0.2546657310276731,0.22737884661773933
8005,0.31416364413962494,0.24253930739587304
8006,0.28002019437251235,0.331685647728591
8007,0.3768248561705144,0.36615021701209116
8008,0.26502882770180686,0.22669253687354285
8009,0.22711739737801284,0.23920880033301728
8010,0.24257891458785932,0.2073719050974887
8011,0.2552893973265753,0.2194781730554496
8012,0.4419793088028582,0.3694069502785169
8013,0.3332693577295709,0.3583968350308169
8014,0.2925696995273998,0.3365331513705314
8015,0.4348261731735229,0.3943966721949437
8016,0.45963584013154535,0.35495399845922293
8017,0.3168638660233801,0.4077240087399332
8018,0.27786271155145237,0.3466453999062651
8019,0.26685067976047305,0.2863007240798652
8020,0.3052990413728417,0.4001984928454476
8021,0.4713185204081649,0.4520435255481061
8022,0.4555790514842024,0.4096175738709462
8023,0.3221802483571843,0.35201681604712576
8024,0.28454370654793715,0.3115949054476914
8025,0.2703106305196832,0.2907034794429819
8026,0.4272611153075295,0.4058195440329655
8027,0.32803073955120254,0.36972131746369996
8028,0.3278483371883162,0.39040437108678816
8029,0.52079083304622,0.45191655863300184
