rcut,k,MC_k_mean,MC_k_std
1.0,0,0.9999981354221712,2.5228874374796126e-07
1.0,1,0.9995241094211829,6.471003692818479e-05
1.0,2,0.9804958441498665,0.0022063007900762154
1.0,3,0.8182365739193153,0.012931001934401725
1.0,4,0.5195306878778101,0.011328038285532263
1.0,5,0.47078535488916035,0.01650293653553813
1.0,6,0.379371795159552,0.01293928889363985
1.0,7,0.3441723631383271,0.010906294600350433
1.0,8,0.3092417453478693,0.014201505533650037
1.0,9,0.28168740199703785,0.011223867936510179
1.0,10,0.2591839740201922,0.011095244024091384
1.0,11,0.23719303229858527,0.010563632529911457
1.0,12,0.22066187564852105,0.009115609631215877
1.0,13,0.20771036142584764,0.008937331251701458
1.0,14,0.20000254114115107,0.010380365282195853
1.0,15,0.18707585286035705,0.00979239483839949
1.0,16,0.17680200569508187,0.01140663867914248
1.0,17,0.16931072366774766,0.010486579810125749
1.0,18,0.16034704829716065,0.016083143477556402
1.0,19,0.15301152285697675,0.013313699068552974
1.0,20,0.14142866142691332,0.014788277442516484
1.0,21,0.1367922226587175,0.013514120918852913
1.0,22,0.1326864581326387,0.015007587111454728
1.0,23,0.12883148266387798,0.011540951569894448
1.0,24,0.12130305705257843,0.013004858053048206
1.0,25,0.11949808563423253,0.013105914476454346
1.0,26,0.11307439617206654,0.010975015349636076
1.0,27,0.11144029529404136,0.01011063142890991
1.0,28,0.10676632476914726,0.015522000574951863
1.0,29,0.10380326025257074,0.01479632020484682
1.0,30,0.102806992154059,0.015932910077327632
1.0,31,0.10013128902387781,0.013631159335246248
1.0,32,0.09965643952991941,0.014004371633118386
1.0,33,0.09600912212634988,0.01350821171944572
1.0,34,0.09464637308120126,0.009628178649609912
1.0,35,0.09120021699980924,0.01082972065565549
1.0,36,0.09007528066519616,0.010773962767604572
1.0,37,0.0869208303062923,0.011819509563944458
1.0,38,0.08657799406027511,0.010436265056342002
1.0,39,0.08271337247097293,0.011044504577039517
1.0,40,0.08339666396155704,0.011368591810754477
1.0,41,0.08467967015406123,0.011127234190281122
1.0,42,0.08541061983433185,0.008876823021287523
1.0,43,0.0820868665928409,0.009368879272434346
1.0,44,0.0833175244079496,0.009978855275193899
1.0,45,0.0804188788679271,0.01151797034990156
1.0,46,0.07784386498480994,0.008359666242190174
1.0,47,0.08026298240263899,0.009326299416901157
1.0,48,0.07854577152648513,0.010535787196196406
1.0,49,0.07622458925800858,0.007674512256661566
1.0,50,0.0773951396583626,0.009418987185634881
1.0,51,0.07652630720819775,0.00812093184152159
1.0,52,0.07492538031093819,0.00760446321564622
1.0,53,0.07269348251875453,0.007133420757218215
1.0,54,0.07232473753693708,0.008601849814246096
1.0,55,0.07559308967605194,0.008874128060513162
1.0,56,0.07420135854845016,0.008992920009824774
1.0,57,0.0737532039763182,0.00814894203479309
1.0,58,0.07416643085962131,0.008337020919333707
1.0,59,0.07473056905795693,0.008245070048840933
1.0,60,0.07364179614528409,0.00887175789711408
1.0,61,0.07044442915529986,0.008540528216543922
1.0,62,0.06978242803149808,0.00949532501505414
1.0,63,0.07038265046498451,0.0071072934217462445
1.0,64,0.0689853880558456,0.008288895654764584
1.0,65,0.06948018847455226,0.008872361489437937
1.0,66,0.07130424352716502,0.008080095459631708
1.0,67,0.06997570586512229,0.008622339920143844
1.0,68,0.06801362930434152,0.008159818581420772
1.0,69,0.0702842235241087,0.008779976786362666
1.0,70,0.0715858439024004,0.010333985857649594
1.0,71,0.0704932478488435,0.010431770201582095
1.0,72,0.06774917850220266,0.0082690934252864
1.0,73,0.06948330102812779,0.008613437220135032
1.0,74,0.06905823809186502,0.007314887104004281
1.0,75,0.06822759254510008,0.01006232554645527
1.0,76,0.06716787773731146,0.00829287483233649
1.0,77,0.06798008030265949,0.00979817574332392
1.0,78,0.0683563101985358,0.009362137442994736
1.0,79,0.07047143196956576,0.009632919921457981
1.0,80,0.06700654951186033,0.008950651789704667
1.0,81,0.0666608891305404,0.007573723602365443
1.0,82,0.06871397240088037,0.0075602307628869604
1.0,83,0.06724234577288427,0.0072019223296095995
1.0,84,0.06364015012509153,0.0075613557818556155
1.0,85,0.06623099637237166,0.009566129095866351
1.0,86,0.06485537650907987,0.00849202076400985
1.0,87,0.0651435182745055,0.007283931524748415
1.0,88,0.06557125245261894,0.00838536310507302
1.0,89,0.06630504216391969,0.007124887368428098
1.0,90,0.0650924614184249,0.007046407987589467
1.0,91,0.06330858462193525,0.010143494630058862
1.0,92,0.06534061737802192,0.009095511634305553
1.0,93,0.06544267019456806,0.009286242551013261
1.0,94,0.06361878279089182,0.011682720772404365
1.0,95,0.061412180832030004,0.011685022559833417
1.0,96,0.06482096514444613,0.010463555319449418
1.0,97,0.0629082389537645,0.007658331746792548
1.0,98,0.06135746875509651,0.008187368598511659
1.0,99,0.0631941966484406,0.009630652398285746
1.0,100,0.06336138650785164,0.00929412681698228
13.0,0,0.9999984453613473,1.8844914751594233e-07
13.0,1,0.9995984302080344,4.7286384136989234e-05
13.0,2,0.9830067744571528,0.001611131932965601
13.0,3,0.8342960267149515,0.009943786174865925
13.0,4,0.5313127518046499,0.011236595476312668
13.0,5,0.4761183198965359,0.01454840732072324
13.0,6,0.3783364776122269,0.010696675869694834
13.0,7,0.3422925140231478,0.015427752797377296
13.0,8,0.3015716405844716,0.015015594963636494
13.0,9,0.26893555089961013,0.01048851714241095
13.0,10,0.2372704431434064,0.013696861994660232
13.0,11,0.2175415033641504,0.009842420717152729
13.0,12,0.19761852823620346,0.011914388094133147
13.0,13,0.17524275537195988,0.013232172851668621
13.0,14,0.16595031132496785,0.009146659894657898
13.0,15,0.1575884289464467,0.01127904433941435
13.0,16,0.14323399865940478,0.006015467953880336
13.0,17,0.13678491881393343,0.011562590999095951
13.0,18,0.12436410476526584,0.009009703728778903
13.0,19,0.11521811065782583,0.01456156223069859
13.0,20,0.10520776472533483,0.010763230547119014
13.0,21,0.09625879086023532,0.011116763970257263
13.0,22,0.08989855821408067,0.014307345064247964
13.0,23,0.08553051128688317,0.013804646049715522
13.0,24,0.08454363954518385,0.015162092720855332
13.0,25,0.07619632479365147,0.010561501654657761
13.0,26,0.06551157879705871,0.013658342858078105
13.0,27,0.07106622271038407,0.010577924805614083
13.0,28,0.06633391915639386,0.011506276215878509
13.0,29,0.06102394126365692,0.009666735650730921
13.0,30,0.06036410568206829,0.013433269417646429
13.0,31,0.0569981385737196,0.013252504788685945
13.0,32,0.05216136219798245,0.010717006574646293
13.0,33,0.05244334008293526,0.006779355256948258
13.0,34,0.05404543253237487,0.006940292943112464
13.0,35,0.04639243690921522,0.012297770044647409
13.0,36,0.042062815443651945,0.010801124317201363
13.0,37,0.046445629074240186,0.009043640888998462
13.0,38,0.038668675736354394,0.009880129785695132
13.0,39,0.04006796655870996,0.0061505614636728125
13.0,40,0.04051209048235899,0.008132359676911713
13.0,41,0.04227452276318855,0.00885826444756218
13.0,42,0.04016524025133184,0.009287233295923646
13.0,43,0.03801770444235731,0.006581467710839652
13.0,44,0.03796263001803551,0.008365538154194541
13.0,45,0.037067117093497595,0.007739418358719738
13.0,46,0.03388790593093283,0.007601079132258753
13.0,47,0.03686376771447881,0.0052132942416069335
13.0,48,0.03493620459786457,0.006388957069646123
13.0,49,0.03212128822068775,0.009806327993014063
13.0,50,0.03238886195433813,0.004237689412724035
13.0,51,0.032840945413361834,0.0068494638085361175
13.0,52,0.03059841799559251,0.00611737083643361
13.0,53,0.03281776799257262,0.006115828794530939
13.0,54,0.03599072609560577,0.0052546757322522
13.0,55,0.03461919021763549,0.008483933298319575
13.0,56,0.029698211060159217,0.007783144709442174
13.0,57,0.03345960038433152,0.00587061819915175
13.0,58,0.032832481622438986,0.006025371799823338
13.0,59,0.03262569935227268,0.0057498074142629686
13.0,60,0.030814093290817333,0.006388384972022832
13.0,61,0.030574821128089798,0.003190781426031086
13.0,62,0.02892475552559461,0.002220114014462644
13.0,63,0.028723643585585115,0.008976180466748916
13.0,64,0.02900856031750752,0.0055879876088456
13.0,65,0.029140491318884323,0.003633501312029877
13.0,66,0.027681676405563186,0.007059494599228898
13.0,67,0.03008810803938812,0.0072952065878486025
13.0,68,0.029203530922645233,0.005723440009362246
13.0,69,0.02996666019307291,0.008786968490403063
13.0,70,0.030830719720322586,0.004554008150815918
13.0,71,0.029877924325122422,0.005852722452871568
13.0,72,0.031019224597397557,0.007713433198978709
13.0,73,0.02466322212478842,0.006536628194276986
13.0,74,0.02794712715343504,0.0035527519918802353
13.0,75,0.029922238237675265,0.006002963404990744
13.0,76,0.029850686613322765,0.004263158327554606
13.0,77,0.028520685404078167,0.007344646881689655
13.0,78,0.028713894963711104,0.007288168913448103
13.0,79,0.029091839598781238,0.010364687876273702
13.0,80,0.025665558515988868,0.003512524681970066
13.0,81,0.028907363696330735,0.004515763137572101
13.0,82,0.0301410120637501,0.005318347098964796
13.0,83,0.028558829619779198,0.00641605718597852
13.0,84,0.026430209115964533,0.003488866774449465
13.0,85,0.029966479730555298,0.005008248479779203
13.0,86,0.02635362607114565,0.004185413891019281
13.0,87,0.02772583186174669,0.004950143473542523
13.0,88,0.028398251249625764,0.0038841006500547007
13.0,89,0.03083707157063352,0.004924064137706262
13.0,90,0.02454258655640851,0.005360415054774292
13.0,91,0.0273602406173869,0.005370894601458945
13.0,92,0.026494027027445202,0.005688816731861484
13.0,93,0.02707989655100836,0.005637469613516638
13.0,94,0.027226572268546516,0.005354929279073455
13.0,95,0.027659370000080105,0.010819058379562835
13.0,96,0.025545928259968407,0.00437230167909301
13.0,97,0.02367633326485506,0.0027475233632170445
13.0,98,0.025496594334324184,0.008052011849075533
13.0,99,0.02792894010626118,0.0045552716456697066
13.0,100,0.02679756400812225,0.00744972674477567
